<?xml version="1.0" encoding="UTF-8"?>
<project-private xmlns="http://www.netbeans.org/ns/project-private/1">
    <editor-bookmarks xmlns="http://www.netbeans.org/ns/editor-bookmarks/2" lastBookmarkId="0"/>
    <open-files xmlns="http://www.netbeans.org/ns/projectui-open-files/2">
        <group>
            <file>file:/C:/Users/Vasko/Documents/NetBeansProjects/Kalendar/src/dataInfo/Holiday.java</file>
            <file>file:/C:/Users/Vasko/Documents/NetBeansProjects/Kalendar/src/viewGenerator/ViewActionClass.java</file>
            <file>file:/C:/Users/Vasko/Documents/NetBeansProjects/Kalendar/src/dataInfo/User.java</file>
            <file>file:/C:/Users/Vasko/Documents/NetBeansProjects/Kalendar/src/dataPull/UserInfoPull.java</file>
            <file>file:/C:/Users/Vasko/Documents/NetBeansProjects/Kalendar/src/dataPull/DateInfoPull.java</file>
        </group>
    </open-files>
</project-private>
